customer_id,channel,send_time,message,reasoning,chat_log,issue_status
119278,twitter_dm_reply,2025-07-02T09:00:00,Hi! We have a quick solution for your issue. Let's get this sorted right away.,"Customer classified as 'quick_resolvers' based on conversation flow: quick_resolution, interaction count: 2. twitter_dm_reply selected for optimal resolution efficiency - quick Twitter response suitable for simple issue","Customer: 76803  I service last 40 min sprint can I get a refund [link]wYPw9hP6wt
Support_agent: 105676 I understand how you frustrated this situation can be. Please follow us by sending a DM for further assistance. Sprint Cares. -AC",resolved
119237,twitter_dm_reply,2025-07-02T09:00:00,Hi! We have a quick solution for your issue. Let's get this sorted right away. We sincerely apologize for the inconvenience.,"Customer classified as 'quick_resolvers' based on sentiment: frustrated, conversation flow: abandoned, interaction count: 1. twitter_dm_reply selected for optimal resolution efficiency - quick Twitter response suitable for simple issue",Customer: AppleSupport causing the reply to be disregarded and the tapped notification under the keyboard is openedðŸ˜¡ðŸ˜¡ðŸ˜¡,resolved
119239,twitter_dm_reply,2025-07-02T09:00:00,Hi! We have a quick solution for your issue. Let's get this sorted right away.,"Customer classified as 'quick_resolvers' based on conversation flow: quick_resolution, interaction count: 2. twitter_dm_reply selected for optimal resolution efficiency - quick Twitter response suitable for simple issue","Customer: 76328 I really hope you all change but I'm sure you won't! Because you don't have to!
Support_agent: 105835 Your business means a lot to us. Please DM your name, zip code and additional details about your concern. ^RR [link]znUu1VJn9r",resolved
119242,twitter_dm_reply,2025-07-02T09:00:00,Hi! We have a quick solution for your issue. Let's get this sorted right away.,"Customer classified as 'quick_resolvers' based on conversation flow: abandoned, interaction count: 1. twitter_dm_reply selected for optimal resolution efficiency - quick Twitter response suitable for simple issue",Customer: VirginTrains I still haven't heard &amp; the number I'm directed to by phone is a dead end &amp; the live chat doesn't work. Can someone call me?,resolved
119241,twitter_dm_reply,2025-07-02T09:00:00,Hi! We have a quick solution for your issue. Let's get this sorted right away.,"Customer classified as 'quick_resolvers' based on sentiment: technical, conversation flow: abandoned, interaction count: 1. twitter_dm_reply selected for optimal resolution efficiency - quick Twitter response suitable for simple issue",Customer: VirginTrains see attached error message. I've tried leaving a voicemail several times in the past week [link]NxVZjlYx1k,resolved
119244,twitter_dm_reply,2025-07-02T09:00:00,Hi! We have a quick solution for your issue. Let's get this sorted right away.,"Customer classified as 'quick_resolvers' based on conversation flow: abandoned, interaction count: 1. twitter_dm_reply selected for optimal resolution efficiency - quick Twitter response suitable for simple issue","Customer: VirginTrains yep, I've tried laptop too several times over the past week and again today. I've tried different browsers too",resolved
119250.0,twitter_dm_reply,2025-07-02T09:00:00,Hi! We have a quick solution for your issue. Let's get this sorted right away. We appreciate your patience and understanding.,"Customer classified as 'quick_resolvers' based on sentiment: polite, conversation flow: quick_resolution, interaction count: 3. twitter_dm_reply selected for optimal resolution efficiency - quick Twitter response suitable for simple issue","Customer: AppleSupport hi #apple, Iâ€™ve a concern about the latest ios is too slow on #iphone6 and i am not happy with it. Any solution please?
Customer: 105838 AppleSupport Me too am suffering , hope the can find a solution
Support_agent: 105837 We can help. Which version of iOS are you on? You can find that in Settings &gt; General &gt; About. Reply in DM. [link]GDrqU22YpT",resolved
119253,twitter_dm_reply,2025-07-02T09:00:00,Hi! We have a quick solution for your issue. Let's get this sorted right away. We sincerely apologize for the inconvenience.,"Customer classified as 'quick_resolvers' based on sentiment: frustrated, conversation flow: quick_resolution, interaction count: 2. twitter_dm_reply selected for optimal resolution efficiency - quick Twitter response suitable for simple issue","Customer: I just updated my phone and suddenly everything takes ages to load wtf 76099 this update sux I hate it fix it bye
Support_agent: 105839 Thanks for reaching out to us. We are always happy to help. Send us a DM so we can look into this together. [link]GDrqU22YpT",resolved
119256,,,,Issue already resolved by customer,"Customer: 76495 91226 Please help! Spotify Premium skipping through songs constantly on android tablet &amp; bluetooth speaker. Tried everything!
Support_agent: 105840 Hi there! What device is this happening on? If you could also let us know the Android and Spotify versions you're using, that'd be great /AY
Customer: SpotifyCares Thanks! Version 8.4.22.857 armv7 on anker bluetooth speaker on Samsung Galaxy Tab A (2016) Model SM-T280 Does distance from speaker matter?
Support_agent: 105840 Thanks. The distance could possibly affect playback. Does logging out &gt; restarting your device &gt; logging back in make a difference? /AY
Customer: SpotifyCares No, but I've moved speaker to about 1 metre away and it's not skipping at the mo - it was about 3 or 4 metres away before. Fingers crossed!
Support_agent: 105840 That's great to hear. If anything comes up, just let us know. We'll carry on helping out ðŸ™‚ /AY
Customer: SpotifyCares Brilliant thanks ðŸ˜Š
Support_agent: 105840 You're welcome! If there's anything else we can help with, just give us a shout. We're here for you ðŸ˜‰ /CP",resolved
119263,twitter_dm_reply,2025-07-02T09:00:00,Hi! We have a quick solution for your issue. Let's get this sorted right away.,"Customer classified as 'quick_resolvers' based on sentiment: technical, conversation flow: quick_resolution, interaction count: 2. twitter_dm_reply selected for optimal resolution efficiency - quick Twitter response suitable for simple issue","Customer: AppleSupport after the 11.0.2 my phone just sucks most of the apps are broken, wifi disconnects frequently #apple #ios1102 #painfulupdate
Support_agent: 105841 We'd love to help! Please DM us and let us know any steps you've tried since experiencing these behaviors. [link]GDrqU22YpT",resolved
119265,,,,Issue already resolved by customer,"Customer: First flight for long time with British_Airways. Now over one 1h delay for the short jump FRA-LCY and NO one here to provide status updates
Support_agent: 105842 We're sorry your flight has been delayed, Beatner. Are you travelling on the BA8733? If so, the updated departure time we have is 15:30. 1/2
Support_agent: 105842 I appreciate it's after 15:30 now, so hopefully you will depart very soon. We're sorry for any inconvenience the delay has caused. 2/2 ^JR
Customer: British_Airways Thanks for your answer. Response onsite was that Aircraft will not depart today, so rebooking to 105853 with now 4h delay...
Support_agent: 105842 Very sorry to hear this.  We hope you get everything sorted.   Kind Regards ^Jools",resolved
119268,twitter_dm_reply,2025-07-02T09:00:00,Hi! We have a quick solution for your issue. Let's get this sorted right away.,"Customer classified as 'quick_resolvers' based on conversation flow: quick_resolution, interaction count: 2. twitter_dm_reply selected for optimal resolution efficiency - quick Twitter response suitable for simple issue","Customer: Okay 76099 I used my fucking phone for 2 minutes and it drains it down 8 fucking percent
Support_agent: 105843 Battery life is important, and we're here for you. DM us the iOS version your iPhone is running. We'll go from there. [link]GDrqU22YpT",resolved
119272,twitter_dm_reply,2025-07-02T09:00:00,Hi! We have a quick solution for your issue. Let's get this sorted right away.,"Customer classified as 'quick_resolvers' based on sentiment: technical, conversation flow: quick_resolution, interaction count: 4. twitter_dm_reply selected for optimal resolution efficiency - quick Twitter response suitable for simple issue","Customer: Youâ€™ve paralysed my phone with your update 76099 grrrrrrrrrr
Support_agent: 105844 We'd be happy to help. Send us a DM and we can start there. [link]GDrqU22YpT
Customer: AppleSupport Can you get my iPhone 7plus back on the old iOS please?  Battery runs out in half the time, apps now frequently crash.
Support_agent: 105844 Thanks for reaching out to us. We are always happy to help. Send us a DM so we can look into this together. [link]GDrqU22YpT",resolved
119276,twitter_dm_reply,2025-07-02T09:00:00,Hi! We have a quick solution for your issue. Let's get this sorted right away.,"Customer classified as 'quick_resolvers' based on conversation flow: quick_resolution, interaction count: 2. twitter_dm_reply selected for optimal resolution efficiency - quick Twitter response suitable for simple issue","Customer: My internet is down and xfinity talkin about 24-72 hours... yâ€™all have the game messed up. 

77245
Support_agent: 105845 I understand this is a frustrating experience, please send a DM with your account information so I can look into this matter for you. -AD",resolved
119280,twitter_dm_reply,2025-07-02T09:00:00,Hi! We have a quick solution for your issue. Let's get this sorted right away.,"Customer classified as 'quick_resolvers' based on sentiment: technical, conversation flow: quick_resolution, interaction count: 2. twitter_dm_reply selected for optimal resolution efficiency - quick Twitter response suitable for simple issue","Customer: So the new 76099 update does not let me listen to music and go on whatsapp at the same time?!?
Support_agent: 105846 We'd like to help. What happens when you try to listen to Apple Music &amp; use WhatsApp? Does the music pause? Let us know in DM. [link]GDrqU22YpT",resolved
119283,scheduling_phone_call,2025-07-01T14:38:34.071985,We appreciate your patience with this ongoing issue. Let's schedule a call to resolve this comprehensively.,"Customer classified as 'persistent_customers' based on sentiment: technical, conversation flow: escalated, interaction count: 8. scheduling_phone_call selected for optimal resolution efficiency - direct communication needed for complex issue","Customer: SpotifyCares i've been having issues with playback. songs have been stopping midway through and won't restart unless i close and reopen app
Support_agent: 105847 Hi Harry! Help's here. Can you check if logging out &gt; restarting your device &gt; logging back in makes a difference? Keep us posted /MU
Customer: SpotifyCares seems to be working at this stage. Will let you know if it happens again. Cheers
Support_agent: 105847 Sure thing. We'll keep an eye out for your update /MU
Customer: SpotifyCares problem has come back again today. is there some kind of bug?
Support_agent: 105847 Thanks for giving us a nudge about this. What device, operating system, and Spotify version is this happening on? /AY
Customer: SpotifyCares It's on a Macbook Air (early 2014), running High Sierra, spotify version 1.0.65.320.gac7a8e02
Support_agent: 105847 Got it. Can you try the steps here for us: [link]EqisDMwZAT? They should help with this. Let us know how it plays out /AY",resolved
119292,,,,Issue already resolved by customer,"Customer: AppleSupport #ios11update - is still killing my battery within 12 hours - phone is 10 months old - itâ€™s a disgrace - used to get 2 days
Support_agent: 105848 Let's take a look. What is the exact iOS you're using? Are you using any specific apps when noticing this? DM us your reply. [link]GDrqU22YpT
Customer: AppleSupport Latest version ðŸ˜¡ðŸ˜¡ I have read the help page turned off virtually all apps and location svs too - but in typing this I dropped 3% life
Customer: AppleSupport Super help - problem solved ðŸ˜€ once again in love with Apple",resolved
119294,twitter_dm_reply,2025-07-02T09:00:00,Hi! We have a quick solution for your issue. Let's get this sorted right away.,"Customer classified as 'quick_resolvers' based on conversation flow: quick_resolution, interaction count: 2. twitter_dm_reply selected for optimal resolution efficiency - quick Twitter response suitable for simple issue","Customer: Took my phone off charge at 7:20am.

8:03am - 60% battery remaining.

76099 plz I beg you, sort your battery life outðŸ˜©
Support_agent: 105849 Thanks for reaching out to us. We are always happy to help. Send us a DM so we can look into this together. [link]GDrqU22YpT",resolved
119297,,,,Issue already resolved by customer,"Customer: southwestair Just curious....will I get the companion pass the exact moment I get enough points? It will I have to wait? Thanks!
Support_agent: 105850 Once the points load and you hit the number, you get it immediately! You'll even receive a congrats email. Are you almost there? ^AC
Customer: SouthwestAir I am! Thank you for the answer!!",resolved
119299,twitter_dm_reply,2025-07-02T09:00:00,Hi! We have a quick solution for your issue. Let's get this sorted right away. We appreciate your patience and understanding.,"Customer classified as 'quick_resolvers' based on sentiment: polite, conversation flow: quick_resolution, interaction count: 2. twitter_dm_reply selected for optimal resolution efficiency - quick Twitter response suitable for simple issue","Customer: AppleSupport I need a new code for my I-store. I havenâ€™t recd any but msg is too many sent. Help!
Support_agent: 105851 We'd like to provide some assistance with this. Tell us more about the issue you're experiencing in DM. We'll go from there. [link]GDrqU22YpT",resolved
119301,twitter_dm_reply,2025-07-02T09:00:00,Hi! We have a quick solution for your issue. Let's get this sorted right away.,"Customer classified as 'quick_resolvers' based on sentiment: technical, conversation flow: quick_resolution, interaction count: 2. twitter_dm_reply selected for optimal resolution efficiency - quick Twitter response suitable for simple issue","Customer: 76099 AppleSupport fix this update. Itâ€™s horrible
Support_agent: 105852 Are you experiencing an issue with your device? If so, DM us with what's going on. We'll see how we can help from there. [link]GDrqU22YpT",resolved
119306,twitter_dm_reply,2025-07-02T09:00:00,Hi! We have a quick solution for your issue. Let's get this sorted right away.,"Customer classified as 'quick_resolvers' based on conversation flow: quick_resolution, interaction count: 3. twitter_dm_reply selected for optimal resolution efficiency - quick Twitter response suitable for simple issue","Customer: 76501 I guess this means free cable for the neighborhood. [link]FBgEE9YXPm
Support_agent: 105854 I am sorry for the poor experience. Can you please DM the full service address and name on the account, as we ass... [link]JEZhqGdBMd
Customer: Ask_Spectrum It's just in my yard. I've called 4-5 times in 6 weeks. I'm not a customer but it's pretty tempting. I do have some coaxial",resolved
119315,scheduling_phone_call,2025-07-01T14:38:34.071985,We appreciate your patience with this ongoing issue. Let's schedule a call to resolve this comprehensively.,"Customer classified as 'persistent_customers' based on conversation flow: escalated, interaction count: 7. scheduling_phone_call selected for optimal resolution efficiency - direct communication needed for complex issue","Customer: Got id's Tesco for buying one Adnams Broadside. Is being blind part of the job-spec? I am 35 and 99 kilos.
Support_agent: 105855 Hi Thomas, we operate a Think 25 policy at our stores. I'd be flattered to be ID'd. :-) - Helena
Customer: Tesco Uk offlicense law is 18. Not 25
Support_agent: 105855 Hi Thomas, this is correct but this helps our store colleagues judge age and protect them from making underage sales. Amanda
Customer: Tesco The point is if it's enforced they do it properly or they don't. Plus take some common-sense and think does that person look over 18?
Support_agent: 105855 Hi Thomas, if a colleague believes the person buying alcohol looks under 25, they will be challenged for ID to prove they're of age. - Paige
Customer: Tesco Maybe hire colleagues who can see?",resolved
119319,twitter_dm_reply,2025-07-02T09:00:00,Hi! We have a quick solution for your issue. Let's get this sorted right away.,"Customer classified as 'quick_resolvers' based on sentiment: technical, conversation flow: escalated, interaction count: 6. twitter_dm_reply selected for optimal resolution efficiency - quick Twitter response suitable for simple issue","Customer: Hey Tesco, your website's broken. It's telling me there are no delivery slots for the next 3 weeks, which I find slightly unlikely.
Support_agent: 105856 Hi there, could you try deleting your cache and cookies and reinstalling the app if using it? This should fix the issue :) - Dani
Customer: Tesco Will I lose all the shopping I've done if I delete the cache/cookies (not using app)?
Support_agent: 105856 Hi there, as long as you sign out of your account prior to deleting your cache &amp; cookies, you'll still have a full basket :) Thanks - Mike
Customer: Tesco Done all that. Still telling me there are no delivery slots whatsoever.
Support_agent: 105856 Can you DM me your full name, address and email? I'd be happy to look into this further for you :) Thanks - Mike",resolved
119326,,,,Issue already resolved by customer,"Customer: My apps stop working without warning and my phone freezes every five minutes! Love the new update 76099!!!!
Support_agent: 105857 We'd like to help if we can. When did this start happening? Which version of iOS are you running currently?
Customer: AppleSupport I have the latest version iOS. It started immediately after I updated my phone.
Support_agent: 105857 Is there a particular app that seems to cause these issues more than others? What model iPhone are you using? Join us in DM. [link]GDrqU22YpT",resolved
119328,twitter_dm_reply,2025-07-02T09:00:00,Hi! We have a quick solution for your issue. Let's get this sorted right away.,"Customer classified as 'quick_resolvers' based on sentiment: technical, conversation flow: quick_resolution, interaction count: 2. twitter_dm_reply selected for optimal resolution efficiency - quick Twitter response suitable for simple issue","Customer: HPSupport Problem with printhead  Serial# TH536D1HN #hpcswus #hpprnt
Support_agent: 105858 Hi Agoura, thanks for tweeting. Please refer to this article: [link]BSsgjZARTc &amp; click the link to reply back. ^Rashmi [link]a2xkfCrUG1",resolved
119331.0,twitter_dm_reply,2025-07-02T09:00:00,Hi! We have a quick solution for your issue. Let's get this sorted right away.,"Customer classified as 'quick_resolvers' based on conversation flow: quick_resolution, interaction count: 3. twitter_dm_reply selected for optimal resolution efficiency - quick Twitter response suitable for simple issue","Customer: They reschedule my shit for tomorrow [link]RsvZcT982t
Customer: 105860 I wish Amazon had an option of where I can just get it shipped to the ups store so I can avoid a lot of the struggle
Support_agent: 105859 UPS has a service called My Choice that will allow your packages to be delivered to UPS Store. ^ML  [link]BPZKndqww1 [link]wKJHDXWGRQ",resolved
119333,twitter_dm_reply,2025-07-02T09:00:00,Hi! We have a quick solution for your issue. Let's get this sorted right away.,"Customer classified as 'quick_resolvers' based on conversation flow: abandoned, interaction count: 1. twitter_dm_reply selected for optimal resolution efficiency - quick Twitter response suitable for simple issue",Customer: Tesco bit of both - finding the layout cumbersome and when removing an item from faves - getting a huge slowdown. Not keen on the thin green line [link]9281OKEebk,resolved
119274,twitter_dm_reply,2025-07-02T09:00:00,Hi! We have a quick solution for your issue. Let's get this sorted right away.,"Customer classified as 'quick_resolvers' based on conversation flow: quick_resolution, interaction count: 2. twitter_dm_reply selected for optimal resolution efficiency - quick Twitter response suitable for simple issue","Customer: O2 I received this a few weeks ago, since then I've been getting 2/3 calls a day from a telemarketer. Is someone using your name? [link]GLtz4XHcex
Support_agent: 82476 ðŸ¤” We'd like to help Sam, which number is calling you? Please DM us more info so we can advise further. [link]5pyLDJBC6r",resolved
119332,twitter_dm_reply,2025-07-02T09:00:00,Hi! We have a quick solution for your issue. Let's get this sorted right away.,"Customer classified as 'quick_resolvers' based on conversation flow: quick_resolution, interaction count: 1. twitter_dm_reply selected for optimal resolution efficiency - quick Twitter response suitable for simple issue","Support_agent: 105861 Hey Sara, sorry to hear of the issues you are having, can I ask if it's the lay out or just the speed of the website responding? TY - Chris",resolved
119335,twitter_dm_reply,2025-07-02T09:00:00,Hi! We have a quick solution for your issue. Let's get this sorted right away.,"Customer classified as 'quick_resolvers' based on conversation flow: quick_resolution, interaction count: 1. twitter_dm_reply selected for optimal resolution efficiency - quick Twitter response suitable for simple issue","Support_agent: 105861 If that doesn't help please DM your full name, address and email including the browser and device so we can log this. Thanks - Lee 2/2",resolved
119246,twitter_dm_reply,2025-07-02T09:00:00,Hi! We have a quick solution for your issue. Let's get this sorted right away.,"Customer classified as 'quick_resolvers' based on conversation flow: quick_resolution, interaction count: 1. twitter_dm_reply selected for optimal resolution efficiency - quick Twitter response suitable for simple issue",Support_agent: 105836 That's what we're here for Miriam ðŸ˜Š  The team should send you an email shortly ^HP,resolved
119240,twitter_dm_reply,2025-07-02T09:00:00,Hi! We have a quick solution for your issue. Let's get this sorted right away.,"Customer classified as 'quick_resolvers' based on conversation flow: quick_resolution, interaction count: 1. twitter_dm_reply selected for optimal resolution efficiency - quick Twitter response suitable for simple issue","Support_agent: 105836 LiveChat is online at the moment - [link]SY94VtU8Kq or contact 03331 031 031 option 1, 4, 3 (Leave a message) to request a call back",resolved
119243,twitter_dm_reply,2025-07-02T09:00:00,Hi! We have a quick solution for your issue. Let's get this sorted right away.,"Customer classified as 'quick_resolvers' based on conversation flow: quick_resolution, interaction count: 1. twitter_dm_reply selected for optimal resolution efficiency - quick Twitter response suitable for simple issue","Support_agent: 105836 Have you tried from another device, Miriam ^MM",resolved
119245,twitter_dm_reply,2025-07-02T09:00:00,Hi! We have a quick solution for your issue. Let's get this sorted right away.,"Customer classified as 'quick_resolvers' based on conversation flow: quick_resolution, interaction count: 1. twitter_dm_reply selected for optimal resolution efficiency - quick Twitter response suitable for simple issue","Support_agent: 105836 It's working OK from here, Miriam. Does this link help [link]0m2mpH15eh ? ^MM",resolved
